{
  "__type__": "cc.SpriteFrame",
  "content": {
    "name": "explosion12",
    "atlas": "",
    "rect": {
      "x": 13,
      "y": 7,
      "width": 36,
      "height": 35
    },
    "offset": {
      "x": -1,
      "y": -0.5
    },
    "originalSize": {
      "width": 64,
      "height": 48
    },
    "rotated": false,
    "capInsets": [
      0,
      0,
      0,
      0
    ],
    "vertices": {
      "rawPosition": [
        -18,
        -17.5,
        0,
        18,
        -17.5,
        0,
        -18,
        17.5,
        0,
        18,
        17.5,
        0
      ],
      "indexes": [
        0,
        1,
        2,
        2,
        1,
        3
      ],
      "uv": [
        13,
        41,
        49,
        41,
        13,
        6,
        49,
        6
      ],
      "nuv": [
        0.203125,
        0.125,
        0.765625,
        0.125,
        0.203125,
        0.8541666666666666,
        0.765625,
        0.8541666666666666
      ],
      "minPos": {
        "x": -18,
        "y": -17.5,
        "z": 0
      },
      "maxPos": {
        "x": 18,
        "y": 17.5,
        "z": 0
      }
    },
    "texture": "90c95f1c-a054-4f0d-af31-2e37ce2bb4f0@6c48a",
    "packable": true,
    "pixelsToUnit": 100,
    "pivot": {
      "x": 0.5,
      "y": 0.5
    },
    "meshType": 0
  }
}