{
  "__type__": "cc.SpriteFrame",
  "content": {
    "name": "explosion19",
    "atlas": "",
    "rect": {
      "x": 11,
      "y": 5,
      "width": 39,
      "height": 39
    },
    "offset": {
      "x": -1.5,
      "y": -0.5
    },
    "originalSize": {
      "width": 64,
      "height": 48
    },
    "rotated": false,
    "capInsets": [
      0,
      0,
      0,
      0
    ],
    "vertices": {
      "rawPosition": [
        -19.5,
        -19.5,
        0,
        19.5,
        -19.5,
        0,
        -19.5,
        19.5,
        0,
        19.5,
        19.5,
        0
      ],
      "indexes": [
        0,
        1,
        2,
        2,
        1,
        3
      ],
      "uv": [
        11,
        43,
        50,
        43,
        11,
        4,
        50,
        4
      ],
      "nuv": [
        0.171875,
        0.08333333333333333,
        0.78125,
        0.08333333333333333,
        0.171875,
        0.8958333333333334,
        0.78125,
        0.8958333333333334
      ],
      "minPos": {
        "x": -19.5,
        "y": -19.5,
        "z": 0
      },
      "maxPos": {
        "x": 19.5,
        "y": 19.5,
        "z": 0
      }
    },
    "texture": "9a7be4f8-7c96-420c-b6f0-ea8f5af81af4@6c48a",
    "packable": true,
    "pixelsToUnit": 100,
    "pivot": {
      "x": 0.5,
      "y": 0.5
    },
    "meshType": 0
  }
}