{
  "__type__": "cc.SpriteFrame",
  "content": {
    "name": "explosion15",
    "atlas": "",
    "rect": {
      "x": 12,
      "y": 7,
      "width": 38,
      "height": 35
    },
    "offset": {
      "x": -1,
      "y": -0.5
    },
    "originalSize": {
      "width": 64,
      "height": 48
    },
    "rotated": false,
    "capInsets": [
      0,
      0,
      0,
      0
    ],
    "vertices": {
      "rawPosition": [
        -19,
        -17.5,
        0,
        19,
        -17.5,
        0,
        -19,
        17.5,
        0,
        19,
        17.5,
        0
      ],
      "indexes": [
        0,
        1,
        2,
        2,
        1,
        3
      ],
      "uv": [
        12,
        41,
        50,
        41,
        12,
        6,
        50,
        6
      ],
      "nuv": [
        0.1875,
        0.125,
        0.78125,
        0.125,
        0.1875,
        0.8541666666666666,
        0.78125,
        0.8541666666666666
      ],
      "minPos": {
        "x": -19,
        "y": -17.5,
        "z": 0
      },
      "maxPos": {
        "x": 19,
        "y": 17.5,
        "z": 0
      }
    },
    "texture": "10e65226-5096-4f3d-8b1c-d638e8d6f045@6c48a",
    "packable": true,
    "pixelsToUnit": 100,
    "pivot": {
      "x": 0.5,
      "y": 0.5
    },
    "meshType": 0
  }
}