{
  "__type__": "cc.SpriteFrame",
  "content": {
    "name": "explosion4",
    "atlas": "",
    "rect": {
      "x": 22,
      "y": 14,
      "width": 18,
      "height": 17
    },
    "offset": {
      "x": -1,
      "y": 1.5
    },
    "originalSize": {
      "width": 64,
      "height": 48
    },
    "rotated": false,
    "capInsets": [
      0,
      0,
      0,
      0
    ],
    "vertices": {
      "rawPosition": [
        -9,
        -8.5,
        0,
        9,
        -8.5,
        0,
        -9,
        8.5,
        0,
        9,
        8.5,
        0
      ],
      "indexes": [
        0,
        1,
        2,
        2,
        1,
        3
      ],
      "uv": [
        22,
        34,
        40,
        34,
        22,
        17,
        40,
        17
      ],
      "nuv": [
        0.34375,
        0.3541666666666667,
        0.625,
        0.3541666666666667,
        0.34375,
        0.7083333333333334,
        0.625,
        0.7083333333333334
      ],
      "minPos": {
        "x": -9,
        "y": -8.5,
        "z": 0
      },
      "maxPos": {
        "x": 9,
        "y": 8.5,
        "z": 0
      }
    },
    "texture": "2569c95f-fb4a-47a8-a826-16aee40922b8@6c48a",
    "packable": true,
    "pixelsToUnit": 100,
    "pivot": {
      "x": 0.5,
      "y": 0.5
    },
    "meshType": 0
  }
}