{
  "__type__": "cc.SpriteFrame",
  "content": {
    "name": "explosion8",
    "atlas": "",
    "rect": {
      "x": 15,
      "y": 8,
      "width": 33,
      "height": 30
    },
    "offset": {
      "x": -0.5,
      "y": 1
    },
    "originalSize": {
      "width": 64,
      "height": 48
    },
    "rotated": false,
    "capInsets": [
      0,
      0,
      0,
      0
    ],
    "vertices": {
      "rawPosition": [
        -16.5,
        -15,
        0,
        16.5,
        -15,
        0,
        -16.5,
        15,
        0,
        16.5,
        15,
        0
      ],
      "indexes": [
        0,
        1,
        2,
        2,
        1,
        3
      ],
      "uv": [
        15,
        40,
        48,
        40,
        15,
        10,
        48,
        10
      ],
      "nuv": [
        0.234375,
        0.20833333333333334,
        0.75,
        0.20833333333333334,
        0.234375,
        0.8333333333333334,
        0.75,
        0.8333333333333334
      ],
      "minPos": {
        "x": -16.5,
        "y": -15,
        "z": 0
      },
      "maxPos": {
        "x": 16.5,
        "y": 15,
        "z": 0
      }
    },
    "texture": "f69afcb9-2483-4137-b4b2-c8f775c556f3@6c48a",
    "packable": true,
    "pixelsToUnit": 100,
    "pivot": {
      "x": 0.5,
      "y": 0.5
    },
    "meshType": 0
  }
}