{
  "__type__": "cc.SpriteFrame",
  "content": {
    "name": "explosion13",
    "atlas": "",
    "rect": {
      "x": 12,
      "y": 7,
      "width": 37,
      "height": 35
    },
    "offset": {
      "x": -1.5,
      "y": -0.5
    },
    "originalSize": {
      "width": 64,
      "height": 48
    },
    "rotated": false,
    "capInsets": [
      0,
      0,
      0,
      0
    ],
    "vertices": {
      "rawPosition": [
        -18.5,
        -17.5,
        0,
        18.5,
        -17.5,
        0,
        -18.5,
        17.5,
        0,
        18.5,
        17.5,
        0
      ],
      "indexes": [
        0,
        1,
        2,
        2,
        1,
        3
      ],
      "uv": [
        12,
        41,
        49,
        41,
        12,
        6,
        49,
        6
      ],
      "nuv": [
        0.1875,
        0.125,
        0.765625,
        0.125,
        0.1875,
        0.8541666666666666,
        0.765625,
        0.8541666666666666
      ],
      "minPos": {
        "x": -18.5,
        "y": -17.5,
        "z": 0
      },
      "maxPos": {
        "x": 18.5,
        "y": 17.5,
        "z": 0
      }
    },
    "texture": "bab761f2-66f6-4b00-8c08-73149aee62e6@6c48a",
    "packable": true,
    "pixelsToUnit": 100,
    "pivot": {
      "x": 0.5,
      "y": 0.5
    },
    "meshType": 0
  }
}