{
  "__type__": "cc.SpriteFrame",
  "content": {
    "name": "explosion14",
    "atlas": "",
    "rect": {
      "x": 12,
      "y": 7,
      "width": 36,
      "height": 35
    },
    "offset": {
      "x": -2,
      "y": -0.5
    },
    "originalSize": {
      "width": 64,
      "height": 48
    },
    "rotated": false,
    "capInsets": [
      0,
      0,
      0,
      0
    ],
    "vertices": {
      "rawPosition": [
        -18,
        -17.5,
        0,
        18,
        -17.5,
        0,
        -18,
        17.5,
        0,
        18,
        17.5,
        0
      ],
      "indexes": [
        0,
        1,
        2,
        2,
        1,
        3
      ],
      "uv": [
        12,
        41,
        48,
        41,
        12,
        6,
        48,
        6
      ],
      "nuv": [
        0.1875,
        0.125,
        0.75,
        0.125,
        0.1875,
        0.8541666666666666,
        0.75,
        0.8541666666666666
      ],
      "minPos": {
        "x": -18,
        "y": -17.5,
        "z": 0
      },
      "maxPos": {
        "x": 18,
        "y": 17.5,
        "z": 0
      }
    },
    "texture": "68c22707-e51f-43d7-8472-6ff2265111e9@6c48a",
    "packable": true,
    "pixelsToUnit": 100,
    "pivot": {
      "x": 0.5,
      "y": 0.5
    },
    "meshType": 0
  }
}