{
  "__type__": "cc.SpriteFrame",
  "content": {
    "name": "explosion1",
    "atlas": "",
    "rect": {
      "x": 29,
      "y": 20,
      "width": 6,
      "height": 6
    },
    "offset": {
      "x": 0,
      "y": 1
    },
    "originalSize": {
      "width": 64,
      "height": 48
    },
    "rotated": false,
    "capInsets": [
      0,
      0,
      0,
      0
    ],
    "vertices": {
      "rawPosition": [
        -3,
        -3,
        0,
        3,
        -3,
        0,
        -3,
        3,
        0,
        3,
        3,
        0
      ],
      "indexes": [
        0,
        1,
        2,
        2,
        1,
        3
      ],
      "uv": [
        29,
        28,
        35,
        28,
        29,
        22,
        35,
        22
      ],
      "nuv": [
        0.453125,
        0.4583333333333333,
        0.546875,
        0.4583333333333333,
        0.453125,
        0.5833333333333334,
        0.546875,
        0.5833333333333334
      ],
      "minPos": {
        "x": -3,
        "y": -3,
        "z": 0
      },
      "maxPos": {
        "x": 3,
        "y": 3,
        "z": 0
      }
    },
    "texture": "a511bf92-e36c-460b-80ad-dcd842bd0f2f@6c48a",
    "packable": true,
    "pixelsToUnit": 100,
    "pivot": {
      "x": 0.5,
      "y": 0.5
    },
    "meshType": 0
  }
}