{
  "__type__": "cc.SpriteFrame",
  "content": {
    "name": "explosion18",
    "atlas": "",
    "rect": {
      "x": 11,
      "y": 7,
      "width": 41,
      "height": 35
    },
    "offset": {
      "x": -0.5,
      "y": -0.5
    },
    "originalSize": {
      "width": 64,
      "height": 48
    },
    "rotated": false,
    "capInsets": [
      0,
      0,
      0,
      0
    ],
    "vertices": {
      "rawPosition": [
        -20.5,
        -17.5,
        0,
        20.5,
        -17.5,
        0,
        -20.5,
        17.5,
        0,
        20.5,
        17.5,
        0
      ],
      "indexes": [
        0,
        1,
        2,
        2,
        1,
        3
      ],
      "uv": [
        11,
        41,
        52,
        41,
        11,
        6,
        52,
        6
      ],
      "nuv": [
        0.171875,
        0.125,
        0.8125,
        0.125,
        0.171875,
        0.8541666666666666,
        0.8125,
        0.8541666666666666
      ],
      "minPos": {
        "x": -20.5,
        "y": -17.5,
        "z": 0
      },
      "maxPos": {
        "x": 20.5,
        "y": 17.5,
        "z": 0
      }
    },
    "texture": "a9b0cb87-544c-4349-88d0-8da1f13b6575@6c48a",
    "packable": true,
    "pixelsToUnit": 100,
    "pivot": {
      "x": 0.5,
      "y": 0.5
    },
    "meshType": 0
  }
}