{
  "__type__": "cc.SpriteFrame",
  "content": {
    "name": "explosion10",
    "atlas": "",
    "rect": {
      "x": 14,
      "y": 7,
      "width": 34,
      "height": 34
    },
    "offset": {
      "x": -1,
      "y": 0
    },
    "originalSize": {
      "width": 64,
      "height": 48
    },
    "rotated": false,
    "capInsets": [
      0,
      0,
      0,
      0
    ],
    "vertices": {
      "rawPosition": [
        -17,
        -17,
        0,
        17,
        -17,
        0,
        -17,
        17,
        0,
        17,
        17,
        0
      ],
      "indexes": [
        0,
        1,
        2,
        2,
        1,
        3
      ],
      "uv": [
        14,
        41,
        48,
        41,
        14,
        7,
        48,
        7
      ],
      "nuv": [
        0.21875,
        0.14583333333333334,
        0.75,
        0.14583333333333334,
        0.21875,
        0.8541666666666666,
        0.75,
        0.8541666666666666
      ],
      "minPos": {
        "x": -17,
        "y": -17,
        "z": 0
      },
      "maxPos": {
        "x": 17,
        "y": 17,
        "z": 0
      }
    },
    "texture": "52230a54-8085-4165-8b5d-7b5170b63249@6c48a",
    "packable": true,
    "pixelsToUnit": 100,
    "pivot": {
      "x": 0.5,
      "y": 0.5
    },
    "meshType": 0
  }
}