{
  "__type__": "cc.SpriteFrame",
  "content": {
    "name": "explosion5",
    "atlas": "",
    "rect": {
      "x": 20,
      "y": 13,
      "width": 22,
      "height": 20
    },
    "offset": {
      "x": -1,
      "y": 1
    },
    "originalSize": {
      "width": 64,
      "height": 48
    },
    "rotated": false,
    "capInsets": [
      0,
      0,
      0,
      0
    ],
    "vertices": {
      "rawPosition": [
        -11,
        -10,
        0,
        11,
        -10,
        0,
        -11,
        10,
        0,
        11,
        10,
        0
      ],
      "indexes": [
        0,
        1,
        2,
        2,
        1,
        3
      ],
      "uv": [
        20,
        35,
        42,
        35,
        20,
        15,
        42,
        15
      ],
      "nuv": [
        0.3125,
        0.3125,
        0.65625,
        0.3125,
        0.3125,
        0.7291666666666666,
        0.65625,
        0.7291666666666666
      ],
      "minPos": {
        "x": -11,
        "y": -10,
        "z": 0
      },
      "maxPos": {
        "x": 11,
        "y": 10,
        "z": 0
      }
    },
    "texture": "52743d79-420d-4477-be44-8b938905391d@6c48a",
    "packable": true,
    "pixelsToUnit": 100,
    "pivot": {
      "x": 0.5,
      "y": 0.5
    },
    "meshType": 0
  }
}