{
  "__type__": "cc.SpriteFrame",
  "content": {
    "name": "explosion17",
    "atlas": "",
    "rect": {
      "x": 12,
      "y": 6,
      "width": 38,
      "height": 37
    },
    "offset": {
      "x": -1,
      "y": -0.5
    },
    "originalSize": {
      "width": 64,
      "height": 48
    },
    "rotated": false,
    "capInsets": [
      0,
      0,
      0,
      0
    ],
    "vertices": {
      "rawPosition": [
        -19,
        -18.5,
        0,
        19,
        -18.5,
        0,
        -19,
        18.5,
        0,
        19,
        18.5,
        0
      ],
      "indexes": [
        0,
        1,
        2,
        2,
        1,
        3
      ],
      "uv": [
        12,
        42,
        50,
        42,
        12,
        5,
        50,
        5
      ],
      "nuv": [
        0.1875,
        0.10416666666666667,
        0.78125,
        0.10416666666666667,
        0.1875,
        0.875,
        0.78125,
        0.875
      ],
      "minPos": {
        "x": -19,
        "y": -18.5,
        "z": 0
      },
      "maxPos": {
        "x": 19,
        "y": 18.5,
        "z": 0
      }
    },
    "texture": "0827998c-8488-418f-b4c3-1b6aef37615c@6c48a",
    "packable": true,
    "pixelsToUnit": 100,
    "pivot": {
      "x": 0.5,
      "y": 0.5
    },
    "meshType": 0
  }
}