{
  "__type__": "cc.SpriteFrame",
  "content": {
    "name": "explosion11",
    "atlas": "",
    "rect": {
      "x": 13,
      "y": 7,
      "width": 35,
      "height": 34
    },
    "offset": {
      "x": -1.5,
      "y": 0
    },
    "originalSize": {
      "width": 64,
      "height": 48
    },
    "rotated": false,
    "capInsets": [
      0,
      0,
      0,
      0
    ],
    "vertices": {
      "rawPosition": [
        -17.5,
        -17,
        0,
        17.5,
        -17,
        0,
        -17.5,
        17,
        0,
        17.5,
        17,
        0
      ],
      "indexes": [
        0,
        1,
        2,
        2,
        1,
        3
      ],
      "uv": [
        13,
        41,
        48,
        41,
        13,
        7,
        48,
        7
      ],
      "nuv": [
        0.203125,
        0.14583333333333334,
        0.75,
        0.14583333333333334,
        0.203125,
        0.8541666666666666,
        0.75,
        0.8541666666666666
      ],
      "minPos": {
        "x": -17.5,
        "y": -17,
        "z": 0
      },
      "maxPos": {
        "x": 17.5,
        "y": 17,
        "z": 0
      }
    },
    "texture": "6f8f65de-8c4d-49bb-b03e-cf6a9834fe36@6c48a",
    "packable": true,
    "pixelsToUnit": 100,
    "pivot": {
      "x": 0.5,
      "y": 0.5
    },
    "meshType": 0
  }
}