{
  "__type__": "cc.SpriteFrame",
  "content": {
    "name": "explosion9",
    "atlas": "",
    "rect": {
      "x": 14,
      "y": 8,
      "width": 34,
      "height": 31
    },
    "offset": {
      "x": -1,
      "y": 0.5
    },
    "originalSize": {
      "width": 64,
      "height": 48
    },
    "rotated": false,
    "capInsets": [
      0,
      0,
      0,
      0
    ],
    "vertices": {
      "rawPosition": [
        -17,
        -15.5,
        0,
        17,
        -15.5,
        0,
        -17,
        15.5,
        0,
        17,
        15.5,
        0
      ],
      "indexes": [
        0,
        1,
        2,
        2,
        1,
        3
      ],
      "uv": [
        14,
        40,
        48,
        40,
        14,
        9,
        48,
        9
      ],
      "nuv": [
        0.21875,
        0.1875,
        0.75,
        0.1875,
        0.21875,
        0.8333333333333334,
        0.75,
        0.8333333333333334
      ],
      "minPos": {
        "x": -17,
        "y": -15.5,
        "z": 0
      },
      "maxPos": {
        "x": 17,
        "y": 15.5,
        "z": 0
      }
    },
    "texture": "91009c9b-c318-47b9-a207-e8b048458ccb@6c48a",
    "packable": true,
    "pixelsToUnit": 100,
    "pivot": {
      "x": 0.5,
      "y": 0.5
    },
    "meshType": 0
  }
}