{
  "__type__": "cc.SpriteFrame",
  "content": {
    "name": "explosion2",
    "atlas": "",
    "rect": {
      "x": 26,
      "y": 16,
      "width": 14,
      "height": 15
    },
    "offset": {
      "x": 1,
      "y": 0.5
    },
    "originalSize": {
      "width": 64,
      "height": 48
    },
    "rotated": false,
    "capInsets": [
      0,
      0,
      0,
      0
    ],
    "vertices": {
      "rawPosition": [
        -7,
        -7.5,
        0,
        7,
        -7.5,
        0,
        -7,
        7.5,
        0,
        7,
        7.5,
        0
      ],
      "indexes": [
        0,
        1,
        2,
        2,
        1,
        3
      ],
      "uv": [
        26,
        32,
        40,
        32,
        26,
        17,
        40,
        17
      ],
      "nuv": [
        0.40625,
        0.3541666666666667,
        0.625,
        0.3541666666666667,
        0.40625,
        0.6666666666666666,
        0.625,
        0.6666666666666666
      ],
      "minPos": {
        "x": -7,
        "y": -7.5,
        "z": 0
      },
      "maxPos": {
        "x": 7,
        "y": 7.5,
        "z": 0
      }
    },
    "texture": "4163a59d-ae55-416c-84aa-29f14b47cf07@6c48a",
    "packable": true,
    "pixelsToUnit": 100,
    "pivot": {
      "x": 0.5,
      "y": 0.5
    },
    "meshType": 0
  }
}