{
  "__type__": "cc.SpriteFrame",
  "content": {
    "name": "explosion3",
    "atlas": "",
    "rect": {
      "x": 25,
      "y": 15,
      "width": 14,
      "height": 13
    },
    "offset": {
      "x": 0,
      "y": 2.5
    },
    "originalSize": {
      "width": 64,
      "height": 48
    },
    "rotated": false,
    "capInsets": [
      0,
      0,
      0,
      0
    ],
    "vertices": {
      "rawPosition": [
        -7,
        -6.5,
        0,
        7,
        -6.5,
        0,
        -7,
        6.5,
        0,
        7,
        6.5,
        0
      ],
      "indexes": [
        0,
        1,
        2,
        2,
        1,
        3
      ],
      "uv": [
        25,
        33,
        39,
        33,
        25,
        20,
        39,
        20
      ],
      "nuv": [
        0.390625,
        0.4166666666666667,
        0.609375,
        0.4166666666666667,
        0.390625,
        0.6875,
        0.609375,
        0.6875
      ],
      "minPos": {
        "x": -7,
        "y": -6.5,
        "z": 0
      },
      "maxPos": {
        "x": 7,
        "y": 6.5,
        "z": 0
      }
    },
    "texture": "78b77ac8-ac2a-48a1-97b9-f80ae617e046@6c48a",
    "packable": true,
    "pixelsToUnit": 100,
    "pivot": {
      "x": 0.5,
      "y": 0.5
    },
    "meshType": 0
  }
}