{
  "__type__": "cc.SpriteFrame",
  "content": {
    "name": "Common",
    "atlas": "",
    "rect": {
      "x": 0,
      "y": 0,
      "width": 512,
      "height": 209
    },
    "offset": {
      "x": 0,
      "y": 151.5
    },
    "originalSize": {
      "width": 512,
      "height": 512
    },
    "rotated": false,
    "capInsets": [
      0,
      0,
      0,
      0
    ],
    "vertices": {
      "rawPosition": [
        -256,
        -104.5,
        0,
        256,
        -104.5,
        0,
        -256,
        104.5,
        0,
        256,
        104.5,
        0
      ],
      "indexes": [
        0,
        1,
        2,
        2,
        1,
        3
      ],
      "uv": [
        0,
        512,
        512,
        512,
        0,
        303,
        512,
        303
      ],
      "nuv": [
        0,
        0.591796875,
        1,
        0.591796875,
        0,
        1,
        1,
        1
      ],
      "minPos": {
        "x": -256,
        "y": -104.5,
        "z": 0
      },
      "maxPos": {
        "x": 256,
        "y": 104.5,
        "z": 0
      }
    },
    "texture": "446f9063-401e-47d0-8989-64c0dac11d1f@6c48a",
    "packable": true,
    "pixelsToUnit": 100,
    "pivot": {
      "x": 0.5,
      "y": 0.5
    },
    "meshType": 0
  }
}