{
  "__type__": "cc.SpriteFrame",
  "content": {
    "name": "explosion7",
    "atlas": "",
    "rect": {
      "x": 16,
      "y": 10,
      "width": 30,
      "height": 26
    },
    "offset": {
      "x": -1,
      "y": 1
    },
    "originalSize": {
      "width": 64,
      "height": 48
    },
    "rotated": false,
    "capInsets": [
      0,
      0,
      0,
      0
    ],
    "vertices": {
      "rawPosition": [
        -15,
        -13,
        0,
        15,
        -13,
        0,
        -15,
        13,
        0,
        15,
        13,
        0
      ],
      "indexes": [
        0,
        1,
        2,
        2,
        1,
        3
      ],
      "uv": [
        16,
        38,
        46,
        38,
        16,
        12,
        46,
        12
      ],
      "nuv": [
        0.25,
        0.25,
        0.71875,
        0.25,
        0.25,
        0.7916666666666666,
        0.71875,
        0.7916666666666666
      ],
      "minPos": {
        "x": -15,
        "y": -13,
        "z": 0
      },
      "maxPos": {
        "x": 15,
        "y": 13,
        "z": 0
      }
    },
    "texture": "19efdee0-2a29-4746-88fd-33440e2a74c2@6c48a",
    "packable": true,
    "pixelsToUnit": 100,
    "pivot": {
      "x": 0.5,
      "y": 0.5
    },
    "meshType": 0
  }
}